Comunidad autónoma de residencia;Tipo de hogar (reducida);Gastos medios, distribución e índice;Periodo;Total
Total Nacional;Total;Gasto medio por hogar;2024;34.044,03
Total Nacional;Total;Gasto medio por hogar;2023;32.616,66
Total Nacional;Total;Gasto medio por hogar;2022;31.408,41
Total Nacional;Total;Gasto medio por hogar;2021;29.167,26
Total Nacional;Total;Gasto medio por hogar;2020;26.995,76
Total Nacional;Total;Gasto medio por hogar;2019;30.242,76
Total Nacional;Total;Gasto medio por hogar;2018;29.871,28
Total Nacional;Total;Gasto medio por hogar;2017;29.188,19
Total Nacional;Total;Gasto medio por hogar;2016;28.199,88
Total Nacional;Persona o pareja de 65 o más ańos;Gasto medio por hogar;2024;28.183,01
Total Nacional;Persona o pareja de 65 o más ańos;Gasto medio por hogar;2023;26.894,46
Total Nacional;Persona o pareja de 65 o más ańos;Gasto medio por hogar;2022;25.850,01
Total Nacional;Persona o pareja de 65 o más ańos;Gasto medio por hogar;2021;23.797,18
Total Nacional;Persona o pareja de 65 o más ańos;Gasto medio por hogar;2020;22.115,41
Total Nacional;Persona o pareja de 65 o más ańos;Gasto medio por hogar;2019;24.206,92
Total Nacional;Persona o pareja de 65 o más ańos;Gasto medio por hogar;2018;23.651,69
Total Nacional;Persona o pareja de 65 o más ańos;Gasto medio por hogar;2017;23.043,28
Total Nacional;Persona o pareja de 65 o más ańos;Gasto medio por hogar;2016;22.585,16
Total Nacional;Otros hogares con una persona o pareja sin hijos;Gasto medio por hogar;2024;27.469,34
Total Nacional;Otros hogares con una persona o pareja sin hijos;Gasto medio por hogar;2023;26.613,89
Total Nacional;Otros hogares con una persona o pareja sin hijos;Gasto medio por hogar;2022;25.336,98
Total Nacional;Otros hogares con una persona o pareja sin hijos;Gasto medio por hogar;2021;23.578,40
Total Nacional;Otros hogares con una persona o pareja sin hijos;Gasto medio por hogar;2020;22.334,29
Total Nacional;Otros hogares con una persona o pareja sin hijos;Gasto medio por hogar;2019;25.671,00
Total Nacional;Otros hogares con una persona o pareja sin hijos;Gasto medio por hogar;2018;25.485,23
Total Nacional;Otros hogares con una persona o pareja sin hijos;Gasto medio por hogar;2017;24.536,00
Total Nacional;Otros hogares con una persona o pareja sin hijos;Gasto medio por hogar;2016;23.519,08
Total Nacional;Adulto con menores de 16 ańos o pareja con al menos 1 hijo menor de 16 ańos;Gasto medio por hogar;2024;39.603,46
Total Nacional;Adulto con menores de 16 ańos o pareja con al menos 1 hijo menor de 16 ańos;Gasto medio por hogar;2023;37.186,23
Total Nacional;Adulto con menores de 16 ańos o pareja con al menos 1 hijo menor de 16 ańos;Gasto medio por hogar;2022;35.913,92
Total Nacional;Adulto con menores de 16 ańos o pareja con al menos 1 hijo menor de 16 ańos;Gasto medio por hogar;2021;33.014,83
Total Nacional;Adulto con menores de 16 ańos o pareja con al menos 1 hijo menor de 16 ańos;Gasto medio por hogar;2020;31.404,18
Total Nacional;Adulto con menores de 16 ańos o pareja con al menos 1 hijo menor de 16 ańos;Gasto medio por hogar;2019;34.979,35
Total Nacional;Adulto con menores de 16 ańos o pareja con al menos 1 hijo menor de 16 ańos;Gasto medio por hogar;2018;34.212,09
Total Nacional;Adulto con menores de 16 ańos o pareja con al menos 1 hijo menor de 16 ańos;Gasto medio por hogar;2017;33.551,28
Total Nacional;Adulto con menores de 16 ańos o pareja con al menos 1 hijo menor de 16 ańos;Gasto medio por hogar;2016;32.449,36
Total Nacional;Otros hogares;Gasto medio por hogar;2024;40.550,25
Total Nacional;Otros hogares;Gasto medio por hogar;2023;39.045,44
Total Nacional;Otros hogares;Gasto medio por hogar;2022;37.653,43
Total Nacional;Otros hogares;Gasto medio por hogar;2021;35.003,01
Total Nacional;Otros hogares;Gasto medio por hogar;2020;31.612,61
Total Nacional;Otros hogares;Gasto medio por hogar;2019;35.323,73
Total Nacional;Otros hogares;Gasto medio por hogar;2018;35.191,64
Total Nacional;Otros hogares;Gasto medio por hogar;2017;34.455,78
Total Nacional;Otros hogares;Gasto medio por hogar;2016;33.226,17
01 Andalucía;Total;Gasto medio por hogar;2024;30.145,17
01 Andalucía;Total;Gasto medio por hogar;2023;29.913,16
01 Andalucía;Total;Gasto medio por hogar;2022;29.343,91
01 Andalucía;Total;Gasto medio por hogar;2021;26.948,92
01 Andalucía;Total;Gasto medio por hogar;2020;24.279,43
01 Andalucía;Total;Gasto medio por hogar;2019;27.532,66
01 Andalucía;Total;Gasto medio por hogar;2018;28.065,66
01 Andalucía;Total;Gasto medio por hogar;2017;27.455,86
01 Andalucía;Total;Gasto medio por hogar;2016;25.877,94
01 Andalucía;Persona o pareja de 65 o más ańos;Gasto medio por hogar;2024;24.018,55
01 Andalucía;Persona o pareja de 65 o más ańos;Gasto medio por hogar;2023;23.736,67
01 Andalucía;Persona o pareja de 65 o más ańos;Gasto medio por hogar;2022;24.518,63
01 Andalucía;Persona o pareja de 65 o más ańos;Gasto medio por hogar;2021;22.039,73
01 Andalucía;Persona o pareja de 65 o más ańos;Gasto medio por hogar;2020;19.019,26
01 Andalucía;Persona o pareja de 65 o más ańos;Gasto medio por hogar;2019;21.349,86
01 Andalucía;Persona o pareja de 65 o más ańos;Gasto medio por hogar;2018;22.214,34
01 Andalucía;Persona o pareja de 65 o más ańos;Gasto medio por hogar;2017;21.207,67
01 Andalucía;Persona o pareja de 65 o más ańos;Gasto medio por hogar;2016;19.987,17
01 Andalucía;Otros hogares con una persona o pareja sin hijos;Gasto medio por hogar;2024;23.389,73
01 Andalucía;Otros hogares con una persona o pareja sin hijos;Gasto medio por hogar;2023;25.054,08
01 Andalucía;Otros hogares con una persona o pareja sin hijos;Gasto medio por hogar;2022;23.412,41
01 Andalucía;Otros hogares con una persona o pareja sin hijos;Gasto medio por hogar;2021;21.510,26
01 Andalucía;Otros hogares con una persona o pareja sin hijos;Gasto medio por hogar;2020;19.674,17
01 Andalucía;Otros hogares con una persona o pareja sin hijos;Gasto medio por hogar;2019;23.334,02
01 Andalucía;Otros hogares con una persona o pareja sin hijos;Gasto medio por hogar;2018;25.190,74
01 Andalucía;Otros hogares con una persona o pareja sin hijos;Gasto medio por hogar;2017;22.982,13
01 Andalucía;Otros hogares con una persona o pareja sin hijos;Gasto medio por hogar;2016;21.384,59
01 Andalucía;Adulto con menores de 16 ańos o pareja con al menos 1 hijo menor de 16 ańos;Gasto medio por hogar;2024;36.911,77
01 Andalucía;Adulto con menores de 16 ańos o pareja con al menos 1 hijo menor de 16 ańos;Gasto medio por hogar;2023;33.214,62
01 Andalucía;Adulto con menores de 16 ańos o pareja con al menos 1 hijo menor de 16 ańos;Gasto medio por hogar;2022;33.670,56
01 Andalucía;Adulto con menores de 16 ańos o pareja con al menos 1 hijo menor de 16 ańos;Gasto medio por hogar;2021;29.497,84
01 Andalucía;Adulto con menores de 16 ańos o pareja con al menos 1 hijo menor de 16 ańos;Gasto medio por hogar;2020;27.594,93
01 Andalucía;Adulto con menores de 16 ańos o pareja con al menos 1 hijo menor de 16 ańos;Gasto medio por hogar;2019;31.803,47
01 Andalucía;Adulto con menores de 16 ańos o pareja con al menos 1 hijo menor de 16 ańos;Gasto medio por hogar;2018;31.129,84
01 Andalucía;Adulto con menores de 16 ańos o pareja con al menos 1 hijo menor de 16 ańos;Gasto medio por hogar;2017;30.898,60
01 Andalucía;Adulto con menores de 16 ańos o pareja con al menos 1 hijo menor de 16 ańos;Gasto medio por hogar;2016;28.456,16
01 Andalucía;Otros hogares;Gasto medio por hogar;2024;35.815,19
01 Andalucía;Otros hogares;Gasto medio por hogar;2023;35.755,68
01 Andalucía;Otros hogares;Gasto medio por hogar;2022;34.649,11
01 Andalucía;Otros hogares;Gasto medio por hogar;2021;32.413,23
01 Andalucía;Otros hogares;Gasto medio por hogar;2020;28.637,73
01 Andalucía;Otros hogares;Gasto medio por hogar;2019;31.507,08
01 Andalucía;Otros hogares;Gasto medio por hogar;2018;31.760,62
01 Andalucía;Otros hogares;Gasto medio por hogar;2017;32.204,57
01 Andalucía;Otros hogares;Gasto medio por hogar;2016;30.543,36
02 Aragón;Total;Gasto medio por hogar;2024;33.642,49
02 Aragón;Total;Gasto medio por hogar;2023;32.980,44
02 Aragón;Total;Gasto medio por hogar;2022;31.162,86
02 Aragón;Total;Gasto medio por hogar;2021;28.493,37
02 Aragón;Total;Gasto medio por hogar;2020;27.695,68
02 Aragón;Total;Gasto medio por hogar;2019;30.716,04
02 Aragón;Total;Gasto medio por hogar;2018;28.728,85
02 Aragón;Total;Gasto medio por hogar;2017;28.055,46
02 Aragón;Total;Gasto medio por hogar;2016;27.880,66
02 Aragón;Persona o pareja de 65 o más ańos;Gasto medio por hogar;2024;29.597,02
02 Aragón;Persona o pareja de 65 o más ańos;Gasto medio por hogar;2023;30.733,34
02 Aragón;Persona o pareja de 65 o más ańos;Gasto medio por hogar;2022;25.208,19
02 Aragón;Persona o pareja de 65 o más ańos;Gasto medio por hogar;2021;24.515,51
02 Aragón;Persona o pareja de 65 o más ańos;Gasto medio por hogar;2020;24.163,11
02 Aragón;Persona o pareja de 65 o más ańos;Gasto medio por hogar;2019;26.341,44
02 Aragón;Persona o pareja de 65 o más ańos;Gasto medio por hogar;2018;23.187,02
02 Aragón;Persona o pareja de 65 o más ańos;Gasto medio por hogar;2017;21.529,44
02 Aragón;Persona o pareja de 65 o más ańos;Gasto medio por hogar;2016;21.449,01
02 Aragón;Otros hogares con una persona o pareja sin hijos;Gasto medio por hogar;2024;25.232,78
02 Aragón;Otros hogares con una persona o pareja sin hijos;Gasto medio por hogar;2023;26.446,03
02 Aragón;Otros hogares con una persona o pareja sin hijos;Gasto medio por hogar;2022;24.495,44
02 Aragón;Otros hogares con una persona o pareja sin hijos;Gasto medio por hogar;2021;22.992,05
02 Aragón;Otros hogares con una persona o pareja sin hijos;Gasto medio por hogar;2020;21.794,06
02 Aragón;Otros hogares con una persona o pareja sin hijos;Gasto medio por hogar;2019;25.250,42
02 Aragón;Otros hogares con una persona o pareja sin hijos;Gasto medio por hogar;2018;24.375,19
02 Aragón;Otros hogares con una persona o pareja sin hijos;Gasto medio por hogar;2017;23.846,91
02 Aragón;Otros hogares con una persona o pareja sin hijos;Gasto medio por hogar;2016;23.422,97
02 Aragón;Adulto con menores de 16 ańos o pareja con al menos 1 hijo menor de 16 ańos;Gasto medio por hogar;2024;38.750,67
02 Aragón;Adulto con menores de 16 ańos o pareja con al menos 1 hijo menor de 16 ańos;Gasto medio por hogar;2023;38.627,25
02 Aragón;Adulto con menores de 16 ańos o pareja con al menos 1 hijo menor de 16 ańos;Gasto medio por hogar;2022;36.866,02
02 Aragón;Adulto con menores de 16 ańos o pareja con al menos 1 hijo menor de 16 ańos;Gasto medio por hogar;2021;30.506,40
02 Aragón;Adulto con menores de 16 ańos o pareja con al menos 1 hijo menor de 16 ańos;Gasto medio por hogar;2020;31.223,03
02 Aragón;Adulto con menores de 16 ańos o pareja con al menos 1 hijo menor de 16 ańos;Gasto medio por hogar;2019;36.250,63
02 Aragón;Adulto con menores de 16 ańos o pareja con al menos 1 hijo menor de 16 ańos;Gasto medio por hogar;2018;33.466,39
02 Aragón;Adulto con menores de 16 ańos o pareja con al menos 1 hijo menor de 16 ańos;Gasto medio por hogar;2017;31.831,00
02 Aragón;Adulto con menores de 16 ańos o pareja con al menos 1 hijo menor de 16 ańos;Gasto medio por hogar;2016;30.852,44
02 Aragón;Otros hogares;Gasto medio por hogar;2024;41.556,90
02 Aragón;Otros hogares;Gasto medio por hogar;2023;38.006,23
02 Aragón;Otros hogares;Gasto medio por hogar;2022;38.956,40
02 Aragón;Otros hogares;Gasto medio por hogar;2021;35.221,11
02 Aragón;Otros hogares;Gasto medio por hogar;2020;33.723,72
02 Aragón;Otros hogares;Gasto medio por hogar;2019;36.135,05
02 Aragón;Otros hogares;Gasto medio por hogar;2018;34.785,16
02 Aragón;Otros hogares;Gasto medio por hogar;2017;34.560,30
02 Aragón;Otros hogares;Gasto medio por hogar;2016;34.942,90
03 Asturias, Principado de;Total;Gasto medio por hogar;2024;31.391,44
03 Asturias, Principado de;Total;Gasto medio por hogar;2023;30.694,45
03 Asturias, Principado de;Total;Gasto medio por hogar;2022;29.288,44
03 Asturias, Principado de;Total;Gasto medio por hogar;2021;25.935,63
03 Asturias, Principado de;Total;Gasto medio por hogar;2020;23.504,49
03 Asturias, Principado de;Total;Gasto medio por hogar;2019;27.367,02
03 Asturias, Principado de;Total;Gasto medio por hogar;2018;27.185,87
03 Asturias, Principado de;Total;Gasto medio por hogar;2017;26.422,45
03 Asturias, Principado de;Total;Gasto medio por hogar;2016;26.811,61
03 Asturias, Principado de;Persona o pareja de 65 o más ańos;Gasto medio por hogar;2024;28.096,67
03 Asturias, Principado de;Persona o pareja de 65 o más ańos;Gasto medio por hogar;2023;27.357,94
03 Asturias, Principado de;Persona o pareja de 65 o más ańos;Gasto medio por hogar;2022;24.786,97
03 Asturias, Principado de;Persona o pareja de 65 o más ańos;Gasto medio por hogar;2021;23.133,61
03 Asturias, Principado de;Persona o pareja de 65 o más ańos;Gasto medio por hogar;2020;19.596,87
03 Asturias, Principado de;Persona o pareja de 65 o más ańos;Gasto medio por hogar;2019;22.516,53
03 Asturias, Principado de;Persona o pareja de 65 o más ańos;Gasto medio por hogar;2018;22.633,66
03 Asturias, Principado de;Persona o pareja de 65 o más ańos;Gasto medio por hogar;2017;20.926,88
03 Asturias, Principado de;Persona o pareja de 65 o más ańos;Gasto medio por hogar;2016;21.457,40
03 Asturias, Principado de;Otros hogares con una persona o pareja sin hijos;Gasto medio por hogar;2024;24.591,62
03 Asturias, Principado de;Otros hogares con una persona o pareja sin hijos;Gasto medio por hogar;2023;23.166,30
03 Asturias, Principado de;Otros hogares con una persona o pareja sin hijos;Gasto medio por hogar;2022;22.523,39
03 Asturias, Principado de;Otros hogares con una persona o pareja sin hijos;Gasto medio por hogar;2021;20.954,10
03 Asturias, Principado de;Otros hogares con una persona o pareja sin hijos;Gasto medio por hogar;2020;19.728,08
03 Asturias, Principado de;Otros hogares con una persona o pareja sin hijos;Gasto medio por hogar;2019;23.666,42
03 Asturias, Principado de;Otros hogares con una persona o pareja sin hijos;Gasto medio por hogar;2018;22.651,01
03 Asturias, Principado de;Otros hogares con una persona o pareja sin hijos;Gasto medio por hogar;2017;23.916,59
03 Asturias, Principado de;Otros hogares con una persona o pareja sin hijos;Gasto medio por hogar;2016;24.607,55
03 Asturias, Principado de;Adulto con menores de 16 ańos o pareja con al menos 1 hijo menor de 16 ańos;Gasto medio por hogar;2024;36.871,93
03 Asturias, Principado de;Adulto con menores de 16 ańos o pareja con al menos 1 hijo menor de 16 ańos;Gasto medio por hogar;2023;36.603,27
03 Asturias, Principado de;Adulto con menores de 16 ańos o pareja con al menos 1 hijo menor de 16 ańos;Gasto medio por hogar;2022;34.560,06
03 Asturias, Principado de;Adulto con menores de 16 ańos o pareja con al menos 1 hijo menor de 16 ańos;Gasto medio por hogar;2021;29.584,94
03 Asturias, Principado de;Adulto con menores de 16 ańos o pareja con al menos 1 hijo menor de 16 ańos;Gasto medio por hogar;2020;28.782,88
03 Asturias, Principado de;Adulto con menores de 16 ańos o pareja con al menos 1 hijo menor de 16 ańos;Gasto medio por hogar;2019;32.664,50
03 Asturias, Principado de;Adulto con menores de 16 ańos o pareja con al menos 1 hijo menor de 16 ańos;Gasto medio por hogar;2018;31.439,59
03 Asturias, Principado de;Adulto con menores de 16 ańos o pareja con al menos 1 hijo menor de 16 ańos;Gasto medio por hogar;2017;31.748,46
03 Asturias, Principado de;Adulto con menores de 16 ańos o pareja con al menos 1 hijo menor de 16 ańos;Gasto medio por hogar;2016;34.258,03
03 Asturias, Principado de;Otros hogares;Gasto medio por hogar;2024;38.663,48
03 Asturias, Principado de;Otros hogares;Gasto medio por hogar;2023;38.162,44
03 Asturias, Principado de;Otros hogares;Gasto medio por hogar;2022;36.854,10
03 Asturias, Principado de;Otros hogares;Gasto medio por hogar;2021;31.293,71
03 Asturias, Principado de;Otros hogares;Gasto medio por hogar;2020;27.697,97
03 Asturias, Principado de;Otros hogares;Gasto medio por hogar;2019;32.142,68
03 Asturias, Principado de;Otros hogares;Gasto medio por hogar;2018;32.973,03
03 Asturias, Principado de;Otros hogares;Gasto medio por hogar;2017;31.022,05
03 Asturias, Principado de;Otros hogares;Gasto medio por hogar;2016;30.100,81
04 Balears, Illes;Total;Gasto medio por hogar;2024;38.284,92
04 Balears, Illes;Total;Gasto medio por hogar;2023;39.081,03
04 Balears, Illes;Total;Gasto medio por hogar;2022;35.182,61
04 Balears, Illes;Total;Gasto medio por hogar;2021;30.797,62
04 Balears, Illes;Total;Gasto medio por hogar;2020;28.618,46
04 Balears, Illes;Total;Gasto medio por hogar;2019;33.125,73
04 Balears, Illes;Total;Gasto medio por hogar;2018;33.076,31
04 Balears, Illes;Total;Gasto medio por hogar;2017;32.398,28
04 Balears, Illes;Total;Gasto medio por hogar;2016;31.437,73
04 Balears, Illes;Persona o pareja de 65 o más ańos;Gasto medio por hogar;2024;31.270,91
04 Balears, Illes;Persona o pareja de 65 o más ańos;Gasto medio por hogar;2023;35.449,22
04 Balears, Illes;Persona o pareja de 65 o más ańos;Gasto medio por hogar;2022;32.863,11
04 Balears, Illes;Persona o pareja de 65 o más ańos;Gasto medio por hogar;2021;26.050,19
04 Balears, Illes;Persona o pareja de 65 o más ańos;Gasto medio por hogar;2020;24.549,56
04 Balears, Illes;Persona o pareja de 65 o más ańos;Gasto medio por hogar;2019;26.665,47
04 Balears, Illes;Persona o pareja de 65 o más ańos;Gasto medio por hogar;2018;27.908,02
04 Balears, Illes;Persona o pareja de 65 o más ańos;Gasto medio por hogar;2017;27.488,39
04 Balears, Illes;Persona o pareja de 65 o más ańos;Gasto medio por hogar;2016;26.372,31
04 Balears, Illes;Otros hogares con una persona o pareja sin hijos;Gasto medio por hogar;2024;30.046,81
04 Balears, Illes;Otros hogares con una persona o pareja sin hijos;Gasto medio por hogar;2023;30.594,56
04 Balears, Illes;Otros hogares con una persona o pareja sin hijos;Gasto medio por hogar;2022;30.782,34
04 Balears, Illes;Otros hogares con una persona o pareja sin hijos;Gasto medio por hogar;2021;23.637,56
04 Balears, Illes;Otros hogares con una persona o pareja sin hijos;Gasto medio por hogar;2020;24.471,07
04 Balears, Illes;Otros hogares con una persona o pareja sin hijos;Gasto medio por hogar;2019;26.081,33
04 Balears, Illes;Otros hogares con una persona o pareja sin hijos;Gasto medio por hogar;2018;28.021,64
04 Balears, Illes;Otros hogares con una persona o pareja sin hijos;Gasto medio por hogar;2017;28.575,15
04 Balears, Illes;Otros hogares con una persona o pareja sin hijos;Gasto medio por hogar;2016;25.474,27
04 Balears, Illes;Adulto con menores de 16 ańos o pareja con al menos 1 hijo menor de 16 ańos;Gasto medio por hogar;2024;41.675,06
04 Balears, Illes;Adulto con menores de 16 ańos o pareja con al menos 1 hijo menor de 16 ańos;Gasto medio por hogar;2023;48.787,92
04 Balears, Illes;Adulto con menores de 16 ańos o pareja con al menos 1 hijo menor de 16 ańos;Gasto medio por hogar;2022;35.537,88
04 Balears, Illes;Adulto con menores de 16 ańos o pareja con al menos 1 hijo menor de 16 ańos;Gasto medio por hogar;2021;33.801,33
04 Balears, Illes;Adulto con menores de 16 ańos o pareja con al menos 1 hijo menor de 16 ańos;Gasto medio por hogar;2020;31.234,68
04 Balears, Illes;Adulto con menores de 16 ańos o pareja con al menos 1 hijo menor de 16 ańos;Gasto medio por hogar;2019;38.061,82
04 Balears, Illes;Adulto con menores de 16 ańos o pareja con al menos 1 hijo menor de 16 ańos;Gasto medio por hogar;2018;34.102,92
04 Balears, Illes;Adulto con menores de 16 ańos o pareja con al menos 1 hijo menor de 16 ańos;Gasto medio por hogar;2017;33.544,51
04 Balears, Illes;Adulto con menores de 16 ańos o pareja con al menos 1 hijo menor de 16 ańos;Gasto medio por hogar;2016;33.823,67
04 Balears, Illes;Otros hogares;Gasto medio por hogar;2024;46.556,63
04 Balears, Illes;Otros hogares;Gasto medio por hogar;2023;43.920,65
04 Balears, Illes;Otros hogares;Gasto medio por hogar;2022;39.372,75
04 Balears, Illes;Otros hogares;Gasto medio por hogar;2021;37.738,68
04 Balears, Illes;Otros hogares;Gasto medio por hogar;2020;32.946,65
04 Balears, Illes;Otros hogares;Gasto medio por hogar;2019;40.203,74
04 Balears, Illes;Otros hogares;Gasto medio por hogar;2018;39.695,44
04 Balears, Illes;Otros hogares;Gasto medio por hogar;2017;37.077,10
04 Balears, Illes;Otros hogares;Gasto medio por hogar;2016;38.111,26
05 Canarias;Total;Gasto medio por hogar;2024;32.681,78
05 Canarias;Total;Gasto medio por hogar;2023;29.576,92
05 Canarias;Total;Gasto medio por hogar;2022;27.683,96
05 Canarias;Total;Gasto medio por hogar;2021;25.244,20
05 Canarias;Total;Gasto medio por hogar;2020;21.844,35
05 Canarias;Total;Gasto medio por hogar;2019;25.389,65
05 Canarias;Total;Gasto medio por hogar;2018;24.124,80
05 Canarias;Total;Gasto medio por hogar;2017;23.918,51
05 Canarias;Total;Gasto medio por hogar;2016;23.638,36
05 Canarias;Persona o pareja de 65 o más ańos;Gasto medio por hogar;2024;27.799,31
05 Canarias;Persona o pareja de 65 o más ańos;Gasto medio por hogar;2023;26.197,99
05 Canarias;Persona o pareja de 65 o más ańos;Gasto medio por hogar;2022;23.052,57
05 Canarias;Persona o pareja de 65 o más ańos;Gasto medio por hogar;2021;21.355,94
05 Canarias;Persona o pareja de 65 o más ańos;Gasto medio por hogar;2020;17.298,31
05 Canarias;Persona o pareja de 65 o más ańos;Gasto medio por hogar;2019;19.942,56
05 Canarias;Persona o pareja de 65 o más ańos;Gasto medio por hogar;2018;18.351,09
05 Canarias;Persona o pareja de 65 o más ańos;Gasto medio por hogar;2017;19.594,80
05 Canarias;Persona o pareja de 65 o más ańos;Gasto medio por hogar;2016;19.075,77
05 Canarias;Otros hogares con una persona o pareja sin hijos;Gasto medio por hogar;2024;25.782,49
05 Canarias;Otros hogares con una persona o pareja sin hijos;Gasto medio por hogar;2023;22.851,10
05 Canarias;Otros hogares con una persona o pareja sin hijos;Gasto medio por hogar;2022;22.157,86
05 Canarias;Otros hogares con una persona o pareja sin hijos;Gasto medio por hogar;2021;21.373,04
05 Canarias;Otros hogares con una persona o pareja sin hijos;Gasto medio por hogar;2020;18.765,32
05 Canarias;Otros hogares con una persona o pareja sin hijos;Gasto medio por hogar;2019;20.648,97
05 Canarias;Otros hogares con una persona o pareja sin hijos;Gasto medio por hogar;2018;19.929,74
05 Canarias;Otros hogares con una persona o pareja sin hijos;Gasto medio por hogar;2017;20.555,10
05 Canarias;Otros hogares con una persona o pareja sin hijos;Gasto medio por hogar;2016;20.309,46
05 Canarias;Adulto con menores de 16 ańos o pareja con al menos 1 hijo menor de 16 ańos;Gasto medio por hogar;2024;36.619,87
05 Canarias;Adulto con menores de 16 ańos o pareja con al menos 1 hijo menor de 16 ańos;Gasto medio por hogar;2023;34.404,31
05 Canarias;Adulto con menores de 16 ańos o pareja con al menos 1 hijo menor de 16 ańos;Gasto medio por hogar;2022;30.960,58
05 Canarias;Adulto con menores de 16 ańos o pareja con al menos 1 hijo menor de 16 ańos;Gasto medio por hogar;2021;27.960,76
05 Canarias;Adulto con menores de 16 ańos o pareja con al menos 1 hijo menor de 16 ańos;Gasto medio por hogar;2020;26.442,20
05 Canarias;Adulto con menores de 16 ańos o pareja con al menos 1 hijo menor de 16 ańos;Gasto medio por hogar;2019;30.337,06
05 Canarias;Adulto con menores de 16 ańos o pareja con al menos 1 hijo menor de 16 ańos;Gasto medio por hogar;2018;30.061,53
05 Canarias;Adulto con menores de 16 ańos o pareja con al menos 1 hijo menor de 16 ańos;Gasto medio por hogar;2017;28.327,24
05 Canarias;Adulto con menores de 16 ańos o pareja con al menos 1 hijo menor de 16 ańos;Gasto medio por hogar;2016;28.627,84
05 Canarias;Otros hogares;Gasto medio por hogar;2024;38.356,18
05 Canarias;Otros hogares;Gasto medio por hogar;2023;34.294,93
05 Canarias;Otros hogares;Gasto medio por hogar;2022;32.348,43
05 Canarias;Otros hogares;Gasto medio por hogar;2021;28.254,83
05 Canarias;Otros hogares;Gasto medio por hogar;2020;24.326,74
05 Canarias;Otros hogares;Gasto medio por hogar;2019;29.194,34
05 Canarias;Otros hogares;Gasto medio por hogar;2018;27.151,60
05 Canarias;Otros hogares;Gasto medio por hogar;2017;26.283,84
05 Canarias;Otros hogares;Gasto medio por hogar;2016;25.771,32
06 Cantabria;Total;Gasto medio por hogar;2024;33.974,63
06 Cantabria;Total;Gasto medio por hogar;2023;32.389,73
06 Cantabria;Total;Gasto medio por hogar;2022;28.920,50
06 Cantabria;Total;Gasto medio por hogar;2021;26.767,50
06 Cantabria;Total;Gasto medio por hogar;2020;24.639,51
06 Cantabria;Total;Gasto medio por hogar;2019;29.520,52
06 Cantabria;Total;Gasto medio por hogar;2018;30.071,44
06 Cantabria;Total;Gasto medio por hogar;2017;29.945,34
06 Cantabria;Total;Gasto medio por hogar;2016;27.549,85
06 Cantabria;Persona o pareja de 65 o más ańos;Gasto medio por hogar;2024;29.586,03
06 Cantabria;Persona o pareja de 65 o más ańos;Gasto medio por hogar;2023;29.334,41
06 Cantabria;Persona o pareja de 65 o más ańos;Gasto medio por hogar;2022;24.530,58
06 Cantabria;Persona o pareja de 65 o más ańos;Gasto medio por hogar;2021;23.148,22
06 Cantabria;Persona o pareja de 65 o más ańos;Gasto medio por hogar;2020;21.268,23
06 Cantabria;Persona o pareja de 65 o más ańos;Gasto medio por hogar;2019;24.100,17
06 Cantabria;Persona o pareja de 65 o más ańos;Gasto medio por hogar;2018;26.428,44
06 Cantabria;Persona o pareja de 65 o más ańos;Gasto medio por hogar;2017;25.941,25
06 Cantabria;Persona o pareja de 65 o más ańos;Gasto medio por hogar;2016;24.824,58
06 Cantabria;Otros hogares con una persona o pareja sin hijos;Gasto medio por hogar;2024;26.856,66
06 Cantabria;Otros hogares con una persona o pareja sin hijos;Gasto medio por hogar;2023;25.362,30
06 Cantabria;Otros hogares con una persona o pareja sin hijos;Gasto medio por hogar;2022;23.872,01
06 Cantabria;Otros hogares con una persona o pareja sin hijos;Gasto medio por hogar;2021;21.544,69
06 Cantabria;Otros hogares con una persona o pareja sin hijos;Gasto medio por hogar;2020;20.726,86
06 Cantabria;Otros hogares con una persona o pareja sin hijos;Gasto medio por hogar;2019;24.694,47
06 Cantabria;Otros hogares con una persona o pareja sin hijos;Gasto medio por hogar;2018;24.634,91
06 Cantabria;Otros hogares con una persona o pareja sin hijos;Gasto medio por hogar;2017;25.197,76
06 Cantabria;Otros hogares con una persona o pareja sin hijos;Gasto medio por hogar;2016;22.970,11
06 Cantabria;Adulto con menores de 16 ańos o pareja con al menos 1 hijo menor de 16 ańos;Gasto medio por hogar;2024;36.488,52
06 Cantabria;Adulto con menores de 16 ańos o pareja con al menos 1 hijo menor de 16 ańos;Gasto medio por hogar;2023;37.724,79
06 Cantabria;Adulto con menores de 16 ańos o pareja con al menos 1 hijo menor de 16 ańos;Gasto medio por hogar;2022;33.131,37
06 Cantabria;Adulto con menores de 16 ańos o pareja con al menos 1 hijo menor de 16 ańos;Gasto medio por hogar;2021;29.624,49
06 Cantabria;Adulto con menores de 16 ańos o pareja con al menos 1 hijo menor de 16 ańos;Gasto medio por hogar;2020;31.724,45
06 Cantabria;Adulto con menores de 16 ańos o pareja con al menos 1 hijo menor de 16 ańos;Gasto medio por hogar;2019;33.368,96
06 Cantabria;Adulto con menores de 16 ańos o pareja con al menos 1 hijo menor de 16 ańos;Gasto medio por hogar;2018;33.395,71
06 Cantabria;Adulto con menores de 16 ańos o pareja con al menos 1 hijo menor de 16 ańos;Gasto medio por hogar;2017;34.860,18
06 Cantabria;Adulto con menores de 16 ańos o pareja con al menos 1 hijo menor de 16 ańos;Gasto medio por hogar;2016;31.482,51
06 Cantabria;Otros hogares;Gasto medio por hogar;2024;41.560,22
06 Cantabria;Otros hogares;Gasto medio por hogar;2023;38.203,93
06 Cantabria;Otros hogares;Gasto medio por hogar;2022;34.329,62
06 Cantabria;Otros hogares;Gasto medio por hogar;2021;32.084,71
06 Cantabria;Otros hogares;Gasto medio por hogar;2020;26.571,67
06 Cantabria;Otros hogares;Gasto medio por hogar;2019;34.884,14
06 Cantabria;Otros hogares;Gasto medio por hogar;2018;35.034,93
06 Cantabria;Otros hogares;Gasto medio por hogar;2017;33.881,09
06 Cantabria;Otros hogares;Gasto medio por hogar;2016;31.236,82
07 Castilla y León;Total;Gasto medio por hogar;2024;31.433,43
07 Castilla y León;Total;Gasto medio por hogar;2023;28.028,22
07 Castilla y León;Total;Gasto medio por hogar;2022;29.536,35
07 Castilla y León;Total;Gasto medio por hogar;2021;26.555,11
07 Castilla y León;Total;Gasto medio por hogar;2020;25.150,35
07 Castilla y León;Total;Gasto medio por hogar;2019;27.233,61
07 Castilla y León;Total;Gasto medio por hogar;2018;26.919,14
07 Castilla y León;Total;Gasto medio por hogar;2017;26.813,96
07 Castilla y León;Total;Gasto medio por hogar;2016;26.078,83
07 Castilla y León;Persona o pareja de 65 o más ańos;Gasto medio por hogar;2024;25.464,61
07 Castilla y León;Persona o pareja de 65 o más ańos;Gasto medio por hogar;2023;22.384,49
07 Castilla y León;Persona o pareja de 65 o más ańos;Gasto medio por hogar;2022;23.247,73
07 Castilla y León;Persona o pareja de 65 o más ańos;Gasto medio por hogar;2021;20.445,49
07 Castilla y León;Persona o pareja de 65 o más ańos;Gasto medio por hogar;2020;19.903,01
07 Castilla y León;Persona o pareja de 65 o más ańos;Gasto medio por hogar;2019;21.648,92
07 Castilla y León;Persona o pareja de 65 o más ańos;Gasto medio por hogar;2018;19.562,93
07 Castilla y León;Persona o pareja de 65 o más ańos;Gasto medio por hogar;2017;19.583,04
07 Castilla y León;Persona o pareja de 65 o más ańos;Gasto medio por hogar;2016;19.870,99
07 Castilla y León;Otros hogares con una persona o pareja sin hijos;Gasto medio por hogar;2024;25.053,99
07 Castilla y León;Otros hogares con una persona o pareja sin hijos;Gasto medio por hogar;2023;24.187,91
07 Castilla y León;Otros hogares con una persona o pareja sin hijos;Gasto medio por hogar;2022;25.073,03
07 Castilla y León;Otros hogares con una persona o pareja sin hijos;Gasto medio por hogar;2021;22.043,00
07 Castilla y León;Otros hogares con una persona o pareja sin hijos;Gasto medio por hogar;2020;21.977,04
07 Castilla y León;Otros hogares con una persona o pareja sin hijos;Gasto medio por hogar;2019;22.688,26
07 Castilla y León;Otros hogares con una persona o pareja sin hijos;Gasto medio por hogar;2018;24.986,28
07 Castilla y León;Otros hogares con una persona o pareja sin hijos;Gasto medio por hogar;2017;22.869,11
07 Castilla y León;Otros hogares con una persona o pareja sin hijos;Gasto medio por hogar;2016;21.416,60
07 Castilla y León;Adulto con menores de 16 ańos o pareja con al menos 1 hijo menor de 16 ańos;Gasto medio por hogar;2024;37.159,78
07 Castilla y León;Adulto con menores de 16 ańos o pareja con al menos 1 hijo menor de 16 ańos;Gasto medio por hogar;2023;34.667,35
07 Castilla y León;Adulto con menores de 16 ańos o pareja con al menos 1 hijo menor de 16 ańos;Gasto medio por hogar;2022;34.117,50
07 Castilla y León;Adulto con menores de 16 ańos o pareja con al menos 1 hijo menor de 16 ańos;Gasto medio por hogar;2021;34.502,47
07 Castilla y León;Adulto con menores de 16 ańos o pareja con al menos 1 hijo menor de 16 ańos;Gasto medio por hogar;2020;29.855,92
07 Castilla y León;Adulto con menores de 16 ańos o pareja con al menos 1 hijo menor de 16 ańos;Gasto medio por hogar;2019;32.478,05
07 Castilla y León;Adulto con menores de 16 ańos o pareja con al menos 1 hijo menor de 16 ańos;Gasto medio por hogar;2018;30.567,68
07 Castilla y León;Adulto con menores de 16 ańos o pareja con al menos 1 hijo menor de 16 ańos;Gasto medio por hogar;2017;33.032,76
07 Castilla y León;Adulto con menores de 16 ańos o pareja con al menos 1 hijo menor de 16 ańos;Gasto medio por hogar;2016;31.879,49
07 Castilla y León;Otros hogares;Gasto medio por hogar;2024;40.801,70
07 Castilla y León;Otros hogares;Gasto medio por hogar;2023;34.325,24
07 Castilla y León;Otros hogares;Gasto medio por hogar;2022;37.659,35
07 Castilla y León;Otros hogares;Gasto medio por hogar;2021;33.068,92
07 Castilla y León;Otros hogares;Gasto medio por hogar;2020;30.473,52
07 Castilla y León;Otros hogares;Gasto medio por hogar;2019;33.870,64
07 Castilla y León;Otros hogares;Gasto medio por hogar;2018;33.585,84
07 Castilla y León;Otros hogares;Gasto medio por hogar;2017;33.217,62
07 Castilla y León;Otros hogares;Gasto medio por hogar;2016;32.442,26
08 Castilla - La Mancha;Total;Gasto medio por hogar;2024;29.892,84
08 Castilla - La Mancha;Total;Gasto medio por hogar;2023;29.391,85
08 Castilla - La Mancha;Total;Gasto medio por hogar;2022;27.313,35
08 Castilla - La Mancha;Total;Gasto medio por hogar;2021;24.033,01
08 Castilla - La Mancha;Total;Gasto medio por hogar;2020;23.115,57
08 Castilla - La Mancha;Total;Gasto medio por hogar;2019;26.551,65
08 Castilla - La Mancha;Total;Gasto medio por hogar;2018;25.648,31
08 Castilla - La Mancha;Total;Gasto medio por hogar;2017;24.986,65
08 Castilla - La Mancha;Total;Gasto medio por hogar;2016;25.090,47
08 Castilla - La Mancha;Persona o pareja de 65 o más ańos;Gasto medio por hogar;2024;22.380,61
08 Castilla - La Mancha;Persona o pareja de 65 o más ańos;Gasto medio por hogar;2023;20.733,10
08 Castilla - La Mancha;Persona o pareja de 65 o más ańos;Gasto medio por hogar;2022;20.660,30
08 Castilla - La Mancha;Persona o pareja de 65 o más ańos;Gasto medio por hogar;2021;18.266,64
08 Castilla - La Mancha;Persona o pareja de 65 o más ańos;Gasto medio por hogar;2020;17.790,57
08 Castilla - La Mancha;Persona o pareja de 65 o más ańos;Gasto medio por hogar;2019;19.209,96
08 Castilla - La Mancha;Persona o pareja de 65 o más ańos;Gasto medio por hogar;2018;17.245,83
08 Castilla - La Mancha;Persona o pareja de 65 o más ańos;Gasto medio por hogar;2017;16.586,26
08 Castilla - La Mancha;Persona o pareja de 65 o más ańos;Gasto medio por hogar;2016;17.551,65
08 Castilla - La Mancha;Otros hogares con una persona o pareja sin hijos;Gasto medio por hogar;2024;24.728,42
08 Castilla - La Mancha;Otros hogares con una persona o pareja sin hijos;Gasto medio por hogar;2023;25.346,76
08 Castilla - La Mancha;Otros hogares con una persona o pareja sin hijos;Gasto medio por hogar;2022;22.067,88
08 Castilla - La Mancha;Otros hogares con una persona o pareja sin hijos;Gasto medio por hogar;2021;20.453,91
08 Castilla - La Mancha;Otros hogares con una persona o pareja sin hijos;Gasto medio por hogar;2020;20.467,78
08 Castilla - La Mancha;Otros hogares con una persona o pareja sin hijos;Gasto medio por hogar;2019;21.585,74
08 Castilla - La Mancha;Otros hogares con una persona o pareja sin hijos;Gasto medio por hogar;2018;22.294,45
08 Castilla - La Mancha;Otros hogares con una persona o pareja sin hijos;Gasto medio por hogar;2017;20.591,45
08 Castilla - La Mancha;Otros hogares con una persona o pareja sin hijos;Gasto medio por hogar;2016;20.202,44
08 Castilla - La Mancha;Adulto con menores de 16 ańos o pareja con al menos 1 hijo menor de 16 ańos;Gasto medio por hogar;2024;34.542,23
08 Castilla - La Mancha;Adulto con menores de 16 ańos o pareja con al menos 1 hijo menor de 16 ańos;Gasto medio por hogar;2023;33.203,72
08 Castilla - La Mancha;Adulto con menores de 16 ańos o pareja con al menos 1 hijo menor de 16 ańos;Gasto medio por hogar;2022;32.690,48
08 Castilla - La Mancha;Adulto con menores de 16 ańos o pareja con al menos 1 hijo menor de 16 ańos;Gasto medio por hogar;2021;28.886,00
08 Castilla - La Mancha;Adulto con menores de 16 ańos o pareja con al menos 1 hijo menor de 16 ańos;Gasto medio por hogar;2020;26.769,05
08 Castilla - La Mancha;Adulto con menores de 16 ańos o pareja con al menos 1 hijo menor de 16 ańos;Gasto medio por hogar;2019;29.320,64
08 Castilla - La Mancha;Adulto con menores de 16 ańos o pareja con al menos 1 hijo menor de 16 ańos;Gasto medio por hogar;2018;28.731,76
08 Castilla - La Mancha;Adulto con menores de 16 ańos o pareja con al menos 1 hijo menor de 16 ańos;Gasto medio por hogar;2017;28.302,85
08 Castilla - La Mancha;Adulto con menores de 16 ańos o pareja con al menos 1 hijo menor de 16 ańos;Gasto medio por hogar;2016;29.189,55
08 Castilla - La Mancha;Otros hogares;Gasto medio por hogar;2024;36.967,72
08 Castilla - La Mancha;Otros hogares;Gasto medio por hogar;2023;36.927,87
08 Castilla - La Mancha;Otros hogares;Gasto medio por hogar;2022;33.648,69
08 Castilla - La Mancha;Otros hogares;Gasto medio por hogar;2021;28.429,39
08 Castilla - La Mancha;Otros hogares;Gasto medio por hogar;2020;26.663,97
08 Castilla - La Mancha;Otros hogares;Gasto medio por hogar;2019;33.229,53
08 Castilla - La Mancha;Otros hogares;Gasto medio por hogar;2018;31.813,21
08 Castilla - La Mancha;Otros hogares;Gasto medio por hogar;2017;31.785,50
08 Castilla - La Mancha;Otros hogares;Gasto medio por hogar;2016;31.137,71
09 Cataluńa;Total;Gasto medio por hogar;2024;37.409,09
09 Cataluńa;Total;Gasto medio por hogar;2023;34.259,05
09 Cataluńa;Total;Gasto medio por hogar;2022;33.059,64
09 Cataluńa;Total;Gasto medio por hogar;2021;31.778,63
09 Cataluńa;Total;Gasto medio por hogar;2020;29.234,76
09 Cataluńa;Total;Gasto medio por hogar;2019;32.915,71
09 Cataluńa;Total;Gasto medio por hogar;2018;32.585,71
09 Cataluńa;Total;Gasto medio por hogar;2017;31.619,45
09 Cataluńa;Total;Gasto medio por hogar;2016;30.445,96
09 Cataluńa;Persona o pareja de 65 o más ańos;Gasto medio por hogar;2024;33.614,40
09 Cataluńa;Persona o pareja de 65 o más ańos;Gasto medio por hogar;2023;29.879,53
09 Cataluńa;Persona o pareja de 65 o más ańos;Gasto medio por hogar;2022;28.376,86
09 Cataluńa;Persona o pareja de 65 o más ańos;Gasto medio por hogar;2021;26.778,53
09 Cataluńa;Persona o pareja de 65 o más ańos;Gasto medio por hogar;2020;25.043,13
09 Cataluńa;Persona o pareja de 65 o más ańos;Gasto medio por hogar;2019;27.480,54
09 Cataluńa;Persona o pareja de 65 o más ańos;Gasto medio por hogar;2018;27.798,55
09 Cataluńa;Persona o pareja de 65 o más ańos;Gasto medio por hogar;2017;25.835,52
09 Cataluńa;Persona o pareja de 65 o más ańos;Gasto medio por hogar;2016;25.008,69
09 Cataluńa;Otros hogares con una persona o pareja sin hijos;Gasto medio por hogar;2024;30.544,85
09 Cataluńa;Otros hogares con una persona o pareja sin hijos;Gasto medio por hogar;2023;27.316,75
09 Cataluńa;Otros hogares con una persona o pareja sin hijos;Gasto medio por hogar;2022;26.568,44
09 Cataluńa;Otros hogares con una persona o pareja sin hijos;Gasto medio por hogar;2021;25.800,98
09 Cataluńa;Otros hogares con una persona o pareja sin hijos;Gasto medio por hogar;2020;24.141,78
09 Cataluńa;Otros hogares con una persona o pareja sin hijos;Gasto medio por hogar;2019;28.422,85
09 Cataluńa;Otros hogares con una persona o pareja sin hijos;Gasto medio por hogar;2018;27.013,87
09 Cataluńa;Otros hogares con una persona o pareja sin hijos;Gasto medio por hogar;2017;26.178,26
09 Cataluńa;Otros hogares con una persona o pareja sin hijos;Gasto medio por hogar;2016;25.771,20
09 Cataluńa;Adulto con menores de 16 ańos o pareja con al menos 1 hijo menor de 16 ańos;Gasto medio por hogar;2024;40.882,81
09 Cataluńa;Adulto con menores de 16 ańos o pareja con al menos 1 hijo menor de 16 ańos;Gasto medio por hogar;2023;38.373,48
09 Cataluńa;Adulto con menores de 16 ańos o pareja con al menos 1 hijo menor de 16 ańos;Gasto medio por hogar;2022;36.145,25
09 Cataluńa;Adulto con menores de 16 ańos o pareja con al menos 1 hijo menor de 16 ańos;Gasto medio por hogar;2021;33.539,87
09 Cataluńa;Adulto con menores de 16 ańos o pareja con al menos 1 hijo menor de 16 ańos;Gasto medio por hogar;2020;33.635,45
09 Cataluńa;Adulto con menores de 16 ańos o pareja con al menos 1 hijo menor de 16 ańos;Gasto medio por hogar;2019;38.323,71
09 Cataluńa;Adulto con menores de 16 ańos o pareja con al menos 1 hijo menor de 16 ańos;Gasto medio por hogar;2018;38.444,95
09 Cataluńa;Adulto con menores de 16 ańos o pareja con al menos 1 hijo menor de 16 ańos;Gasto medio por hogar;2017;36.827,45
09 Cataluńa;Adulto con menores de 16 ańos o pareja con al menos 1 hijo menor de 16 ańos;Gasto medio por hogar;2016;35.313,08
09 Cataluńa;Otros hogares;Gasto medio por hogar;2024;43.812,04
09 Cataluńa;Otros hogares;Gasto medio por hogar;2023;40.719,09
09 Cataluńa;Otros hogares;Gasto medio por hogar;2022;39.550,16
09 Cataluńa;Otros hogares;Gasto medio por hogar;2021;38.801,48
09 Cataluńa;Otros hogares;Gasto medio por hogar;2020;34.263,29
09 Cataluńa;Otros hogares;Gasto medio por hogar;2019;37.441,57
09 Cataluńa;Otros hogares;Gasto medio por hogar;2018;37.467,63
09 Cataluńa;Otros hogares;Gasto medio por hogar;2017;37.532,07
09 Cataluńa;Otros hogares;Gasto medio por hogar;2016;35.706,17
10 Comunitat Valenciana;Total;Gasto medio por hogar;2024;32.684,69
10 Comunitat Valenciana;Total;Gasto medio por hogar;2023;31.765,85
10 Comunitat Valenciana;Total;Gasto medio por hogar;2022;29.920,42
10 Comunitat Valenciana;Total;Gasto medio por hogar;2021;27.933,39
10 Comunitat Valenciana;Total;Gasto medio por hogar;2020;25.915,10
10 Comunitat Valenciana;Total;Gasto medio por hogar;2019;29.444,27
10 Comunitat Valenciana;Total;Gasto medio por hogar;2018;28.356,34
10 Comunitat Valenciana;Total;Gasto medio por hogar;2017;27.227,17
10 Comunitat Valenciana;Total;Gasto medio por hogar;2016;26.094,00
10 Comunitat Valenciana;Persona o pareja de 65 o más ańos;Gasto medio por hogar;2024;26.453,34
10 Comunitat Valenciana;Persona o pareja de 65 o más ańos;Gasto medio por hogar;2023;24.781,65
10 Comunitat Valenciana;Persona o pareja de 65 o más ańos;Gasto medio por hogar;2022;24.749,71
10 Comunitat Valenciana;Persona o pareja de 65 o más ańos;Gasto medio por hogar;2021;22.005,14
10 Comunitat Valenciana;Persona o pareja de 65 o más ańos;Gasto medio por hogar;2020;20.947,08
10 Comunitat Valenciana;Persona o pareja de 65 o más ańos;Gasto medio por hogar;2019;23.165,85
10 Comunitat Valenciana;Persona o pareja de 65 o más ańos;Gasto medio por hogar;2018;21.902,42
10 Comunitat Valenciana;Persona o pareja de 65 o más ańos;Gasto medio por hogar;2017;21.881,54
10 Comunitat Valenciana;Persona o pareja de 65 o más ańos;Gasto medio por hogar;2016;21.406,73
10 Comunitat Valenciana;Otros hogares con una persona o pareja sin hijos;Gasto medio por hogar;2024;27.228,09
10 Comunitat Valenciana;Otros hogares con una persona o pareja sin hijos;Gasto medio por hogar;2023;26.839,95
10 Comunitat Valenciana;Otros hogares con una persona o pareja sin hijos;Gasto medio por hogar;2022;22.979,77
10 Comunitat Valenciana;Otros hogares con una persona o pareja sin hijos;Gasto medio por hogar;2021;23.113,25
10 Comunitat Valenciana;Otros hogares con una persona o pareja sin hijos;Gasto medio por hogar;2020;21.778,12
10 Comunitat Valenciana;Otros hogares con una persona o pareja sin hijos;Gasto medio por hogar;2019;25.058,76
10 Comunitat Valenciana;Otros hogares con una persona o pareja sin hijos;Gasto medio por hogar;2018;24.318,02
10 Comunitat Valenciana;Otros hogares con una persona o pareja sin hijos;Gasto medio por hogar;2017;22.647,28
10 Comunitat Valenciana;Otros hogares con una persona o pareja sin hijos;Gasto medio por hogar;2016;21.368,82
10 Comunitat Valenciana;Adulto con menores de 16 ańos o pareja con al menos 1 hijo menor de 16 ańos;Gasto medio por hogar;2024;37.208,90
10 Comunitat Valenciana;Adulto con menores de 16 ańos o pareja con al menos 1 hijo menor de 16 ańos;Gasto medio por hogar;2023;34.074,29
10 Comunitat Valenciana;Adulto con menores de 16 ańos o pareja con al menos 1 hijo menor de 16 ańos;Gasto medio por hogar;2022;34.728,72
10 Comunitat Valenciana;Adulto con menores de 16 ańos o pareja con al menos 1 hijo menor de 16 ańos;Gasto medio por hogar;2021;33.613,21
10 Comunitat Valenciana;Adulto con menores de 16 ańos o pareja con al menos 1 hijo menor de 16 ańos;Gasto medio por hogar;2020;29.869,31
10 Comunitat Valenciana;Adulto con menores de 16 ańos o pareja con al menos 1 hijo menor de 16 ańos;Gasto medio por hogar;2019;33.661,44
10 Comunitat Valenciana;Adulto con menores de 16 ańos o pareja con al menos 1 hijo menor de 16 ańos;Gasto medio por hogar;2018;32.756,05
10 Comunitat Valenciana;Adulto con menores de 16 ańos o pareja con al menos 1 hijo menor de 16 ańos;Gasto medio por hogar;2017;31.682,97
10 Comunitat Valenciana;Adulto con menores de 16 ańos o pareja con al menos 1 hijo menor de 16 ańos;Gasto medio por hogar;2016;30.627,28
10 Comunitat Valenciana;Otros hogares;Gasto medio por hogar;2024;39.160,47
10 Comunitat Valenciana;Otros hogares;Gasto medio por hogar;2023;39.696,18
10 Comunitat Valenciana;Otros hogares;Gasto medio por hogar;2022;36.920,68
10 Comunitat Valenciana;Otros hogares;Gasto medio por hogar;2021;33.094,39
10 Comunitat Valenciana;Otros hogares;Gasto medio por hogar;2020;30.687,42
10 Comunitat Valenciana;Otros hogares;Gasto medio por hogar;2019;35.301,14
10 Comunitat Valenciana;Otros hogares;Gasto medio por hogar;2018;33.996,86
10 Comunitat Valenciana;Otros hogares;Gasto medio por hogar;2017;32.151,01
10 Comunitat Valenciana;Otros hogares;Gasto medio por hogar;2016;30.760,67
11 Extremadura;Total;Gasto medio por hogar;2024;26.889,65
11 Extremadura;Total;Gasto medio por hogar;2023;26.253,76
11 Extremadura;Total;Gasto medio por hogar;2022;26.225,80
11 Extremadura;Total;Gasto medio por hogar;2021;24.244,00
11 Extremadura;Total;Gasto medio por hogar;2020;22.771,16
11 Extremadura;Total;Gasto medio por hogar;2019;23.181,92
11 Extremadura;Total;Gasto medio por hogar;2018;23.429,06
11 Extremadura;Total;Gasto medio por hogar;2017;22.887,31
11 Extremadura;Total;Gasto medio por hogar;2016;23.003,70
11 Extremadura;Persona o pareja de 65 o más ańos;Gasto medio por hogar;2024;20.506,42
11 Extremadura;Persona o pareja de 65 o más ańos;Gasto medio por hogar;2023;19.857,07
11 Extremadura;Persona o pareja de 65 o más ańos;Gasto medio por hogar;2022;18.569,48
11 Extremadura;Persona o pareja de 65 o más ańos;Gasto medio por hogar;2021;17.842,26
11 Extremadura;Persona o pareja de 65 o más ańos;Gasto medio por hogar;2020;16.386,09
11 Extremadura;Persona o pareja de 65 o más ańos;Gasto medio por hogar;2019;17.544,75
11 Extremadura;Persona o pareja de 65 o más ańos;Gasto medio por hogar;2018;17.227,14
11 Extremadura;Persona o pareja de 65 o más ańos;Gasto medio por hogar;2017;16.576,65
11 Extremadura;Persona o pareja de 65 o más ańos;Gasto medio por hogar;2016;18.169,74
11 Extremadura;Otros hogares con una persona o pareja sin hijos;Gasto medio por hogar;2024;22.522,59
11 Extremadura;Otros hogares con una persona o pareja sin hijos;Gasto medio por hogar;2023;22.206,49
11 Extremadura;Otros hogares con una persona o pareja sin hijos;Gasto medio por hogar;2022;22.865,81
11 Extremadura;Otros hogares con una persona o pareja sin hijos;Gasto medio por hogar;2021;19.829,01
11 Extremadura;Otros hogares con una persona o pareja sin hijos;Gasto medio por hogar;2020;21.222,44
11 Extremadura;Otros hogares con una persona o pareja sin hijos;Gasto medio por hogar;2019;20.135,26
11 Extremadura;Otros hogares con una persona o pareja sin hijos;Gasto medio por hogar;2018;19.767,90
11 Extremadura;Otros hogares con una persona o pareja sin hijos;Gasto medio por hogar;2017;18.620,03
11 Extremadura;Otros hogares con una persona o pareja sin hijos;Gasto medio por hogar;2016;19.207,87
11 Extremadura;Adulto con menores de 16 ańos o pareja con al menos 1 hijo menor de 16 ańos;Gasto medio por hogar;2024;31.862,69
11 Extremadura;Adulto con menores de 16 ańos o pareja con al menos 1 hijo menor de 16 ańos;Gasto medio por hogar;2023;31.549,73
11 Extremadura;Adulto con menores de 16 ańos o pareja con al menos 1 hijo menor de 16 ańos;Gasto medio por hogar;2022;31.330,20
11 Extremadura;Adulto con menores de 16 ańos o pareja con al menos 1 hijo menor de 16 ańos;Gasto medio por hogar;2021;27.834,24
11 Extremadura;Adulto con menores de 16 ańos o pareja con al menos 1 hijo menor de 16 ańos;Gasto medio por hogar;2020;26.806,68
11 Extremadura;Adulto con menores de 16 ańos o pareja con al menos 1 hijo menor de 16 ańos;Gasto medio por hogar;2019;27.257,35
11 Extremadura;Adulto con menores de 16 ańos o pareja con al menos 1 hijo menor de 16 ańos;Gasto medio por hogar;2018;28.092,33
11 Extremadura;Adulto con menores de 16 ańos o pareja con al menos 1 hijo menor de 16 ańos;Gasto medio por hogar;2017;27.366,16
11 Extremadura;Adulto con menores de 16 ańos o pareja con al menos 1 hijo menor de 16 ańos;Gasto medio por hogar;2016;27.246,69
11 Extremadura;Otros hogares;Gasto medio por hogar;2024;33.337,48
11 Extremadura;Otros hogares;Gasto medio por hogar;2023;32.904,35
11 Extremadura;Otros hogares;Gasto medio por hogar;2022;32.540,53
11 Extremadura;Otros hogares;Gasto medio por hogar;2021;30.631,76
11 Extremadura;Otros hogares;Gasto medio por hogar;2020;26.538,29
11 Extremadura;Otros hogares;Gasto medio por hogar;2019;27.691,03
11 Extremadura;Otros hogares;Gasto medio por hogar;2018;28.242,43
11 Extremadura;Otros hogares;Gasto medio por hogar;2017;27.513,25
11 Extremadura;Otros hogares;Gasto medio por hogar;2016;26.882,31
12 Galicia;Total;Gasto medio por hogar;2024;33.700,40
12 Galicia;Total;Gasto medio por hogar;2023;32.558,35
12 Galicia;Total;Gasto medio por hogar;2022;31.120,20
12 Galicia;Total;Gasto medio por hogar;2021;28.299,86
12 Galicia;Total;Gasto medio por hogar;2020;24.975,71
12 Galicia;Total;Gasto medio por hogar;2019;26.846,48
12 Galicia;Total;Gasto medio por hogar;2018;27.256,92
12 Galicia;Total;Gasto medio por hogar;2017;26.962,72
12 Galicia;Total;Gasto medio por hogar;2016;26.291,11
12 Galicia;Persona o pareja de 65 o más ańos;Gasto medio por hogar;2024;25.725,43
12 Galicia;Persona o pareja de 65 o más ańos;Gasto medio por hogar;2023;26.033,60
12 Galicia;Persona o pareja de 65 o más ańos;Gasto medio por hogar;2022;23.237,36
12 Galicia;Persona o pareja de 65 o más ańos;Gasto medio por hogar;2021;21.553,43
12 Galicia;Persona o pareja de 65 o más ańos;Gasto medio por hogar;2020;19.644,71
12 Galicia;Persona o pareja de 65 o más ańos;Gasto medio por hogar;2019;20.879,77
12 Galicia;Persona o pareja de 65 o más ańos;Gasto medio por hogar;2018;19.852,82
12 Galicia;Persona o pareja de 65 o más ańos;Gasto medio por hogar;2017;20.238,45
12 Galicia;Persona o pareja de 65 o más ańos;Gasto medio por hogar;2016;19.839,63
12 Galicia;Otros hogares con una persona o pareja sin hijos;Gasto medio por hogar;2024;26.863,36
12 Galicia;Otros hogares con una persona o pareja sin hijos;Gasto medio por hogar;2023;25.669,58
12 Galicia;Otros hogares con una persona o pareja sin hijos;Gasto medio por hogar;2022;25.279,74
12 Galicia;Otros hogares con una persona o pareja sin hijos;Gasto medio por hogar;2021;24.113,37
12 Galicia;Otros hogares con una persona o pareja sin hijos;Gasto medio por hogar;2020;20.613,05
12 Galicia;Otros hogares con una persona o pareja sin hijos;Gasto medio por hogar;2019;22.146,21
12 Galicia;Otros hogares con una persona o pareja sin hijos;Gasto medio por hogar;2018;22.206,31
12 Galicia;Otros hogares con una persona o pareja sin hijos;Gasto medio por hogar;2017;22.721,80
12 Galicia;Otros hogares con una persona o pareja sin hijos;Gasto medio por hogar;2016;20.997,45
12 Galicia;Adulto con menores de 16 ańos o pareja con al menos 1 hijo menor de 16 ańos;Gasto medio por hogar;2024;43.182,38
12 Galicia;Adulto con menores de 16 ańos o pareja con al menos 1 hijo menor de 16 ańos;Gasto medio por hogar;2023;40.280,16
12 Galicia;Adulto con menores de 16 ańos o pareja con al menos 1 hijo menor de 16 ańos;Gasto medio por hogar;2022;37.224,29
12 Galicia;Adulto con menores de 16 ańos o pareja con al menos 1 hijo menor de 16 ańos;Gasto medio por hogar;2021;33.349,98
12 Galicia;Adulto con menores de 16 ańos o pareja con al menos 1 hijo menor de 16 ańos;Gasto medio por hogar;2020;30.179,75
12 Galicia;Adulto con menores de 16 ańos o pareja con al menos 1 hijo menor de 16 ańos;Gasto medio por hogar;2019;30.993,23
12 Galicia;Adulto con menores de 16 ańos o pareja con al menos 1 hijo menor de 16 ańos;Gasto medio por hogar;2018;31.231,42
12 Galicia;Adulto con menores de 16 ańos o pareja con al menos 1 hijo menor de 16 ańos;Gasto medio por hogar;2017;30.845,63
12 Galicia;Adulto con menores de 16 ańos o pareja con al menos 1 hijo menor de 16 ańos;Gasto medio por hogar;2016;29.948,27
12 Galicia;Otros hogares;Gasto medio por hogar;2024;41.560,77
12 Galicia;Otros hogares;Gasto medio por hogar;2023;39.469,76
12 Galicia;Otros hogares;Gasto medio por hogar;2022;38.742,19
12 Galicia;Otros hogares;Gasto medio por hogar;2021;34.040,67
12 Galicia;Otros hogares;Gasto medio por hogar;2020;29.687,31
12 Galicia;Otros hogares;Gasto medio por hogar;2019;32.403,30
12 Galicia;Otros hogares;Gasto medio por hogar;2018;33.940,80
12 Galicia;Otros hogares;Gasto medio por hogar;2017;32.283,09
12 Galicia;Otros hogares;Gasto medio por hogar;2016;32.304,09
13 Madrid, Comunidad de;Total;Gasto medio por hogar;2024;39.317,62
13 Madrid, Comunidad de;Total;Gasto medio por hogar;2023;37.360,47
13 Madrid, Comunidad de;Total;Gasto medio por hogar;2022;35.984,94
13 Madrid, Comunidad de;Total;Gasto medio por hogar;2021;34.645,29
13 Madrid, Comunidad de;Total;Gasto medio por hogar;2020;32.502,41
13 Madrid, Comunidad de;Total;Gasto medio por hogar;2019;35.798,09
13 Madrid, Comunidad de;Total;Gasto medio por hogar;2018;34.793,11
13 Madrid, Comunidad de;Total;Gasto medio por hogar;2017;34.016,49
13 Madrid, Comunidad de;Total;Gasto medio por hogar;2016;32.682,55
13 Madrid, Comunidad de;Persona o pareja de 65 o más ańos;Gasto medio por hogar;2024;32.399,06
13 Madrid, Comunidad de;Persona o pareja de 65 o más ańos;Gasto medio por hogar;2023;31.830,61
13 Madrid, Comunidad de;Persona o pareja de 65 o más ańos;Gasto medio por hogar;2022;30.121,90
13 Madrid, Comunidad de;Persona o pareja de 65 o más ańos;Gasto medio por hogar;2021;28.782,16
13 Madrid, Comunidad de;Persona o pareja de 65 o más ańos;Gasto medio por hogar;2020;26.859,41
13 Madrid, Comunidad de;Persona o pareja de 65 o más ańos;Gasto medio por hogar;2019;29.297,60
13 Madrid, Comunidad de;Persona o pareja de 65 o más ańos;Gasto medio por hogar;2018;27.769,03
13 Madrid, Comunidad de;Persona o pareja de 65 o más ańos;Gasto medio por hogar;2017;28.675,78
13 Madrid, Comunidad de;Persona o pareja de 65 o más ańos;Gasto medio por hogar;2016;27.531,55
13 Madrid, Comunidad de;Otros hogares con una persona o pareja sin hijos;Gasto medio por hogar;2024;32.633,27
13 Madrid, Comunidad de;Otros hogares con una persona o pareja sin hijos;Gasto medio por hogar;2023;30.629,83
13 Madrid, Comunidad de;Otros hogares con una persona o pareja sin hijos;Gasto medio por hogar;2022;30.210,39
13 Madrid, Comunidad de;Otros hogares con una persona o pareja sin hijos;Gasto medio por hogar;2021;27.098,31
13 Madrid, Comunidad de;Otros hogares con una persona o pareja sin hijos;Gasto medio por hogar;2020;26.129,81
13 Madrid, Comunidad de;Otros hogares con una persona o pareja sin hijos;Gasto medio por hogar;2019;30.514,27
13 Madrid, Comunidad de;Otros hogares con una persona o pareja sin hijos;Gasto medio por hogar;2018;28.809,13
13 Madrid, Comunidad de;Otros hogares con una persona o pareja sin hijos;Gasto medio por hogar;2017;27.905,88
13 Madrid, Comunidad de;Otros hogares con una persona o pareja sin hijos;Gasto medio por hogar;2016;26.342,27
13 Madrid, Comunidad de;Adulto con menores de 16 ańos o pareja con al menos 1 hijo menor de 16 ańos;Gasto medio por hogar;2024;47.540,91
13 Madrid, Comunidad de;Adulto con menores de 16 ańos o pareja con al menos 1 hijo menor de 16 ańos;Gasto medio por hogar;2023;43.704,28
13 Madrid, Comunidad de;Adulto con menores de 16 ańos o pareja con al menos 1 hijo menor de 16 ańos;Gasto medio por hogar;2022;41.967,32
13 Madrid, Comunidad de;Adulto con menores de 16 ańos o pareja con al menos 1 hijo menor de 16 ańos;Gasto medio por hogar;2021;40.331,38
13 Madrid, Comunidad de;Adulto con menores de 16 ańos o pareja con al menos 1 hijo menor de 16 ańos;Gasto medio por hogar;2020;39.212,79
13 Madrid, Comunidad de;Adulto con menores de 16 ańos o pareja con al menos 1 hijo menor de 16 ańos;Gasto medio por hogar;2019;41.158,78
13 Madrid, Comunidad de;Adulto con menores de 16 ańos o pareja con al menos 1 hijo menor de 16 ańos;Gasto medio por hogar;2018;39.488,39
13 Madrid, Comunidad de;Adulto con menores de 16 ańos o pareja con al menos 1 hijo menor de 16 ańos;Gasto medio por hogar;2017;38.978,71
13 Madrid, Comunidad de;Adulto con menores de 16 ańos o pareja con al menos 1 hijo menor de 16 ańos;Gasto medio por hogar;2016;37.835,38
13 Madrid, Comunidad de;Otros hogares;Gasto medio por hogar;2024;44.602,72
13 Madrid, Comunidad de;Otros hogares;Gasto medio por hogar;2023;43.029,93
13 Madrid, Comunidad de;Otros hogares;Gasto medio por hogar;2022;40.862,32
13 Madrid, Comunidad de;Otros hogares;Gasto medio por hogar;2021;40.715,08
13 Madrid, Comunidad de;Otros hogares;Gasto medio por hogar;2020;37.655,58
13 Madrid, Comunidad de;Otros hogares;Gasto medio por hogar;2019;41.651,80
13 Madrid, Comunidad de;Otros hogares;Gasto medio por hogar;2018;42.030,69
13 Madrid, Comunidad de;Otros hogares;Gasto medio por hogar;2017;39.713,00
13 Madrid, Comunidad de;Otros hogares;Gasto medio por hogar;2016;38.302,06
14 Murcia, Región de;Total;Gasto medio por hogar;2024;33.001,92
14 Murcia, Región de;Total;Gasto medio por hogar;2023;31.851,10
14 Murcia, Región de;Total;Gasto medio por hogar;2022;31.422,71
14 Murcia, Región de;Total;Gasto medio por hogar;2021;27.397,67
14 Murcia, Región de;Total;Gasto medio por hogar;2020;25.080,79
14 Murcia, Región de;Total;Gasto medio por hogar;2019;29.746,05
14 Murcia, Región de;Total;Gasto medio por hogar;2018;29.890,47
14 Murcia, Región de;Total;Gasto medio por hogar;2017;29.708,26
14 Murcia, Región de;Total;Gasto medio por hogar;2016;27.726,15
14 Murcia, Región de;Persona o pareja de 65 o más ańos;Gasto medio por hogar;2024;26.010,41
14 Murcia, Región de;Persona o pareja de 65 o más ańos;Gasto medio por hogar;2023;24.713,11
14 Murcia, Región de;Persona o pareja de 65 o más ańos;Gasto medio por hogar;2022;24.487,06
14 Murcia, Región de;Persona o pareja de 65 o más ańos;Gasto medio por hogar;2021;20.436,03
14 Murcia, Región de;Persona o pareja de 65 o más ańos;Gasto medio por hogar;2020;19.850,57
14 Murcia, Región de;Persona o pareja de 65 o más ańos;Gasto medio por hogar;2019;22.440,97
14 Murcia, Región de;Persona o pareja de 65 o más ańos;Gasto medio por hogar;2018;22.077,91
14 Murcia, Región de;Persona o pareja de 65 o más ańos;Gasto medio por hogar;2017;21.227,96
14 Murcia, Región de;Persona o pareja de 65 o más ańos;Gasto medio por hogar;2016;21.281,86
14 Murcia, Región de;Otros hogares con una persona o pareja sin hijos;Gasto medio por hogar;2024;26.511,31
14 Murcia, Región de;Otros hogares con una persona o pareja sin hijos;Gasto medio por hogar;2023;25.126,86
14 Murcia, Región de;Otros hogares con una persona o pareja sin hijos;Gasto medio por hogar;2022;23.034,50
14 Murcia, Región de;Otros hogares con una persona o pareja sin hijos;Gasto medio por hogar;2021;20.654,57
14 Murcia, Región de;Otros hogares con una persona o pareja sin hijos;Gasto medio por hogar;2020;19.975,79
14 Murcia, Región de;Otros hogares con una persona o pareja sin hijos;Gasto medio por hogar;2019;24.390,92
14 Murcia, Región de;Otros hogares con una persona o pareja sin hijos;Gasto medio por hogar;2018;25.132,52
14 Murcia, Región de;Otros hogares con una persona o pareja sin hijos;Gasto medio por hogar;2017;25.355,81
14 Murcia, Región de;Otros hogares con una persona o pareja sin hijos;Gasto medio por hogar;2016;24.128,06
14 Murcia, Región de;Adulto con menores de 16 ańos o pareja con al menos 1 hijo menor de 16 ańos;Gasto medio por hogar;2024;37.814,09
14 Murcia, Región de;Adulto con menores de 16 ańos o pareja con al menos 1 hijo menor de 16 ańos;Gasto medio por hogar;2023;34.874,05
14 Murcia, Región de;Adulto con menores de 16 ańos o pareja con al menos 1 hijo menor de 16 ańos;Gasto medio por hogar;2022;35.853,23
14 Murcia, Región de;Adulto con menores de 16 ańos o pareja con al menos 1 hijo menor de 16 ańos;Gasto medio por hogar;2021;29.909,97
14 Murcia, Región de;Adulto con menores de 16 ańos o pareja con al menos 1 hijo menor de 16 ańos;Gasto medio por hogar;2020;28.583,18
14 Murcia, Región de;Adulto con menores de 16 ańos o pareja con al menos 1 hijo menor de 16 ańos;Gasto medio por hogar;2019;33.038,30
14 Murcia, Región de;Adulto con menores de 16 ańos o pareja con al menos 1 hijo menor de 16 ańos;Gasto medio por hogar;2018;33.263,22
14 Murcia, Región de;Adulto con menores de 16 ańos o pareja con al menos 1 hijo menor de 16 ańos;Gasto medio por hogar;2017;32.284,98
14 Murcia, Región de;Adulto con menores de 16 ańos o pareja con al menos 1 hijo menor de 16 ańos;Gasto medio por hogar;2016;31.476,00
14 Murcia, Región de;Otros hogares;Gasto medio por hogar;2024;38.345,06
14 Murcia, Región de;Otros hogares;Gasto medio por hogar;2023;37.933,82
14 Murcia, Región de;Otros hogares;Gasto medio por hogar;2022;37.693,53
14 Murcia, Región de;Otros hogares;Gasto medio por hogar;2021;32.835,38
14 Murcia, Región de;Otros hogares;Gasto medio por hogar;2020;28.940,99
14 Murcia, Región de;Otros hogares;Gasto medio por hogar;2019;34.850,21
14 Murcia, Región de;Otros hogares;Gasto medio por hogar;2018;34.777,86
14 Murcia, Región de;Otros hogares;Gasto medio por hogar;2017;34.848,90
14 Murcia, Región de;Otros hogares;Gasto medio por hogar;2016;31.156,91
15 Navarra, Comunidad Foral de;Total;Gasto medio por hogar;2024;35.700,42
15 Navarra, Comunidad Foral de;Total;Gasto medio por hogar;2023;35.044,02
15 Navarra, Comunidad Foral de;Total;Gasto medio por hogar;2022;34.993,66
15 Navarra, Comunidad Foral de;Total;Gasto medio por hogar;2021;32.921,96
15 Navarra, Comunidad Foral de;Total;Gasto medio por hogar;2020;31.780,35
15 Navarra, Comunidad Foral de;Total;Gasto medio por hogar;2019;33.909,75
15 Navarra, Comunidad Foral de;Total;Gasto medio por hogar;2018;34.637,23
15 Navarra, Comunidad Foral de;Total;Gasto medio por hogar;2017;32.834,68
15 Navarra, Comunidad Foral de;Total;Gasto medio por hogar;2016;32.232,11
15 Navarra, Comunidad Foral de;Persona o pareja de 65 o más ańos;Gasto medio por hogar;2024;31.176,58
15 Navarra, Comunidad Foral de;Persona o pareja de 65 o más ańos;Gasto medio por hogar;2023;28.916,63
15 Navarra, Comunidad Foral de;Persona o pareja de 65 o más ańos;Gasto medio por hogar;2022;28.452,23
15 Navarra, Comunidad Foral de;Persona o pareja de 65 o más ańos;Gasto medio por hogar;2021;27.580,96
15 Navarra, Comunidad Foral de;Persona o pareja de 65 o más ańos;Gasto medio por hogar;2020;25.949,79
15 Navarra, Comunidad Foral de;Persona o pareja de 65 o más ańos;Gasto medio por hogar;2019;26.554,95
15 Navarra, Comunidad Foral de;Persona o pareja de 65 o más ańos;Gasto medio por hogar;2018;26.685,36
15 Navarra, Comunidad Foral de;Persona o pareja de 65 o más ańos;Gasto medio por hogar;2017;26.952,55
15 Navarra, Comunidad Foral de;Persona o pareja de 65 o más ańos;Gasto medio por hogar;2016;26.366,63
15 Navarra, Comunidad Foral de;Otros hogares con una persona o pareja sin hijos;Gasto medio por hogar;2024;27.621,61
15 Navarra, Comunidad Foral de;Otros hogares con una persona o pareja sin hijos;Gasto medio por hogar;2023;27.991,74
15 Navarra, Comunidad Foral de;Otros hogares con una persona o pareja sin hijos;Gasto medio por hogar;2022;26.269,61
15 Navarra, Comunidad Foral de;Otros hogares con una persona o pareja sin hijos;Gasto medio por hogar;2021;24.005,38
15 Navarra, Comunidad Foral de;Otros hogares con una persona o pareja sin hijos;Gasto medio por hogar;2020;25.519,85
15 Navarra, Comunidad Foral de;Otros hogares con una persona o pareja sin hijos;Gasto medio por hogar;2019;27.508,55
15 Navarra, Comunidad Foral de;Otros hogares con una persona o pareja sin hijos;Gasto medio por hogar;2018;28.086,23
15 Navarra, Comunidad Foral de;Otros hogares con una persona o pareja sin hijos;Gasto medio por hogar;2017;26.792,23
15 Navarra, Comunidad Foral de;Otros hogares con una persona o pareja sin hijos;Gasto medio por hogar;2016;28.038,83
15 Navarra, Comunidad Foral de;Adulto con menores de 16 ańos o pareja con al menos 1 hijo menor de 16 ańos;Gasto medio por hogar;2024;39.900,36
15 Navarra, Comunidad Foral de;Adulto con menores de 16 ańos o pareja con al menos 1 hijo menor de 16 ańos;Gasto medio por hogar;2023;39.244,07
15 Navarra, Comunidad Foral de;Adulto con menores de 16 ańos o pareja con al menos 1 hijo menor de 16 ańos;Gasto medio por hogar;2022;38.540,35
15 Navarra, Comunidad Foral de;Adulto con menores de 16 ańos o pareja con al menos 1 hijo menor de 16 ańos;Gasto medio por hogar;2021;38.384,97
15 Navarra, Comunidad Foral de;Adulto con menores de 16 ańos o pareja con al menos 1 hijo menor de 16 ańos;Gasto medio por hogar;2020;35.776,17
15 Navarra, Comunidad Foral de;Adulto con menores de 16 ańos o pareja con al menos 1 hijo menor de 16 ańos;Gasto medio por hogar;2019;36.615,32
15 Navarra, Comunidad Foral de;Adulto con menores de 16 ańos o pareja con al menos 1 hijo menor de 16 ańos;Gasto medio por hogar;2018;39.258,86
15 Navarra, Comunidad Foral de;Adulto con menores de 16 ańos o pareja con al menos 1 hijo menor de 16 ańos;Gasto medio por hogar;2017;35.113,33
15 Navarra, Comunidad Foral de;Adulto con menores de 16 ańos o pareja con al menos 1 hijo menor de 16 ańos;Gasto medio por hogar;2016;33.941,98
15 Navarra, Comunidad Foral de;Otros hogares;Gasto medio por hogar;2024;42.568,12
15 Navarra, Comunidad Foral de;Otros hogares;Gasto medio por hogar;2023;43.179,19
15 Navarra, Comunidad Foral de;Otros hogares;Gasto medio por hogar;2022;43.814,30
15 Navarra, Comunidad Foral de;Otros hogares;Gasto medio por hogar;2021;40.700,46
15 Navarra, Comunidad Foral de;Otros hogares;Gasto medio por hogar;2020;38.826,53
15 Navarra, Comunidad Foral de;Otros hogares;Gasto medio por hogar;2019;42.651,38
15 Navarra, Comunidad Foral de;Otros hogares;Gasto medio por hogar;2018;43.031,04
15 Navarra, Comunidad Foral de;Otros hogares;Gasto medio por hogar;2017;41.425,73
15 Navarra, Comunidad Foral de;Otros hogares;Gasto medio por hogar;2016;39.764,52
16 País Vasco;Total;Gasto medio por hogar;2024;36.313,35
16 País Vasco;Total;Gasto medio por hogar;2023;36.331,06
16 País Vasco;Total;Gasto medio por hogar;2022;34.927,06
16 País Vasco;Total;Gasto medio por hogar;2021;32.590,69
16 País Vasco;Total;Gasto medio por hogar;2020;31.498,23
16 País Vasco;Total;Gasto medio por hogar;2019;34.423,19
16 País Vasco;Total;Gasto medio por hogar;2018;34.211,88
16 País Vasco;Total;Gasto medio por hogar;2017;33.709,32
16 País Vasco;Total;Gasto medio por hogar;2016;33.691,02
16 País Vasco;Persona o pareja de 65 o más ańos;Gasto medio por hogar;2024;33.042,65
16 País Vasco;Persona o pareja de 65 o más ańos;Gasto medio por hogar;2023;32.537,30
16 País Vasco;Persona o pareja de 65 o más ańos;Gasto medio por hogar;2022;30.497,15
16 País Vasco;Persona o pareja de 65 o más ańos;Gasto medio por hogar;2021;28.436,08
16 País Vasco;Persona o pareja de 65 o más ańos;Gasto medio por hogar;2020;27.176,12
16 País Vasco;Persona o pareja de 65 o más ańos;Gasto medio por hogar;2019;29.409,54
16 País Vasco;Persona o pareja de 65 o más ańos;Gasto medio por hogar;2018;28.780,40
16 País Vasco;Persona o pareja de 65 o más ańos;Gasto medio por hogar;2017;27.742,74
16 País Vasco;Persona o pareja de 65 o más ańos;Gasto medio por hogar;2016;27.843,12
16 País Vasco;Otros hogares con una persona o pareja sin hijos;Gasto medio por hogar;2024;28.553,49
16 País Vasco;Otros hogares con una persona o pareja sin hijos;Gasto medio por hogar;2023;28.322,83
16 País Vasco;Otros hogares con una persona o pareja sin hijos;Gasto medio por hogar;2022;27.480,22
16 País Vasco;Otros hogares con una persona o pareja sin hijos;Gasto medio por hogar;2021;26.389,07
16 País Vasco;Otros hogares con una persona o pareja sin hijos;Gasto medio por hogar;2020;24.111,15
16 País Vasco;Otros hogares con una persona o pareja sin hijos;Gasto medio por hogar;2019;28.384,15
16 País Vasco;Otros hogares con una persona o pareja sin hijos;Gasto medio por hogar;2018;28.469,67
16 País Vasco;Otros hogares con una persona o pareja sin hijos;Gasto medio por hogar;2017;27.430,01
16 País Vasco;Otros hogares con una persona o pareja sin hijos;Gasto medio por hogar;2016;27.465,86
16 País Vasco;Adulto con menores de 16 ańos o pareja con al menos 1 hijo menor de 16 ańos;Gasto medio por hogar;2024;39.834,40
16 País Vasco;Adulto con menores de 16 ańos o pareja con al menos 1 hijo menor de 16 ańos;Gasto medio por hogar;2023;40.887,38
16 País Vasco;Adulto con menores de 16 ańos o pareja con al menos 1 hijo menor de 16 ańos;Gasto medio por hogar;2022;39.525,79
16 País Vasco;Adulto con menores de 16 ańos o pareja con al menos 1 hijo menor de 16 ańos;Gasto medio por hogar;2021;35.047,74
16 País Vasco;Adulto con menores de 16 ańos o pareja con al menos 1 hijo menor de 16 ańos;Gasto medio por hogar;2020;35.223,87
16 País Vasco;Adulto con menores de 16 ańos o pareja con al menos 1 hijo menor de 16 ańos;Gasto medio por hogar;2019;38.426,97
16 País Vasco;Adulto con menores de 16 ańos o pareja con al menos 1 hijo menor de 16 ańos;Gasto medio por hogar;2018;37.976,06
16 País Vasco;Adulto con menores de 16 ańos o pareja con al menos 1 hijo menor de 16 ańos;Gasto medio por hogar;2017;38.031,50
16 País Vasco;Adulto con menores de 16 ańos o pareja con al menos 1 hijo menor de 16 ańos;Gasto medio por hogar;2016;38.368,34
16 País Vasco;Otros hogares;Gasto medio por hogar;2024;43.720,65
16 País Vasco;Otros hogares;Gasto medio por hogar;2023;44.173,03
16 País Vasco;Otros hogares;Gasto medio por hogar;2022;42.961,56
16 País Vasco;Otros hogares;Gasto medio por hogar;2021;39.773,36
16 País Vasco;Otros hogares;Gasto medio por hogar;2020;38.850,54
16 País Vasco;Otros hogares;Gasto medio por hogar;2019;41.359,72
16 País Vasco;Otros hogares;Gasto medio por hogar;2018;41.320,90
16 País Vasco;Otros hogares;Gasto medio por hogar;2017;41.480,86
16 País Vasco;Otros hogares;Gasto medio por hogar;2016;41.239,24
17 Rioja, La;Total;Gasto medio por hogar;2024;32.978,29
17 Rioja, La;Total;Gasto medio por hogar;2023;32.362,74
17 Rioja, La;Total;Gasto medio por hogar;2022;28.957,51
17 Rioja, La;Total;Gasto medio por hogar;2021;26.059,59
17 Rioja, La;Total;Gasto medio por hogar;2020;25.568,16
17 Rioja, La;Total;Gasto medio por hogar;2019;29.149,25
17 Rioja, La;Total;Gasto medio por hogar;2018;28.054,96
17 Rioja, La;Total;Gasto medio por hogar;2017;28.081,27
17 Rioja, La;Total;Gasto medio por hogar;2016;26.880,18
17 Rioja, La;Persona o pareja de 65 o más ańos;Gasto medio por hogar;2024;26.979,43
17 Rioja, La;Persona o pareja de 65 o más ańos;Gasto medio por hogar;2023;26.435,38
17 Rioja, La;Persona o pareja de 65 o más ańos;Gasto medio por hogar;2022;21.897,56
17 Rioja, La;Persona o pareja de 65 o más ańos;Gasto medio por hogar;2021;20.009,46
17 Rioja, La;Persona o pareja de 65 o más ańos;Gasto medio por hogar;2020;20.159,78
17 Rioja, La;Persona o pareja de 65 o más ańos;Gasto medio por hogar;2019;21.749,58
17 Rioja, La;Persona o pareja de 65 o más ańos;Gasto medio por hogar;2018;21.947,05
17 Rioja, La;Persona o pareja de 65 o más ańos;Gasto medio por hogar;2017;19.849,01
17 Rioja, La;Persona o pareja de 65 o más ańos;Gasto medio por hogar;2016;19.950,39
17 Rioja, La;Otros hogares con una persona o pareja sin hijos;Gasto medio por hogar;2024;26.826,50
17 Rioja, La;Otros hogares con una persona o pareja sin hijos;Gasto medio por hogar;2023;25.939,46
17 Rioja, La;Otros hogares con una persona o pareja sin hijos;Gasto medio por hogar;2022;25.362,67
17 Rioja, La;Otros hogares con una persona o pareja sin hijos;Gasto medio por hogar;2021;20.327,29
17 Rioja, La;Otros hogares con una persona o pareja sin hijos;Gasto medio por hogar;2020;21.011,01
17 Rioja, La;Otros hogares con una persona o pareja sin hijos;Gasto medio por hogar;2019;26.385,61
17 Rioja, La;Otros hogares con una persona o pareja sin hijos;Gasto medio por hogar;2018;23.006,65
17 Rioja, La;Otros hogares con una persona o pareja sin hijos;Gasto medio por hogar;2017;24.230,63
17 Rioja, La;Otros hogares con una persona o pareja sin hijos;Gasto medio por hogar;2016;24.022,76
17 Rioja, La;Adulto con menores de 16 ańos o pareja con al menos 1 hijo menor de 16 ańos;Gasto medio por hogar;2024;38.345,96
17 Rioja, La;Adulto con menores de 16 ańos o pareja con al menos 1 hijo menor de 16 ańos;Gasto medio por hogar;2023;36.595,30
17 Rioja, La;Adulto con menores de 16 ańos o pareja con al menos 1 hijo menor de 16 ańos;Gasto medio por hogar;2022;35.235,45
17 Rioja, La;Adulto con menores de 16 ańos o pareja con al menos 1 hijo menor de 16 ańos;Gasto medio por hogar;2021;33.682,58
17 Rioja, La;Adulto con menores de 16 ańos o pareja con al menos 1 hijo menor de 16 ańos;Gasto medio por hogar;2020;31.543,69
17 Rioja, La;Adulto con menores de 16 ańos o pareja con al menos 1 hijo menor de 16 ańos;Gasto medio por hogar;2019;38.329,79
17 Rioja, La;Adulto con menores de 16 ańos o pareja con al menos 1 hijo menor de 16 ańos;Gasto medio por hogar;2018;32.200,38
17 Rioja, La;Adulto con menores de 16 ańos o pareja con al menos 1 hijo menor de 16 ańos;Gasto medio por hogar;2017;33.299,07
17 Rioja, La;Adulto con menores de 16 ańos o pareja con al menos 1 hijo menor de 16 ańos;Gasto medio por hogar;2016;31.867,81
17 Rioja, La;Otros hogares;Gasto medio por hogar;2024;40.697,09
17 Rioja, La;Otros hogares;Gasto medio por hogar;2023;41.172,45
17 Rioja, La;Otros hogares;Gasto medio por hogar;2022;35.085,83
17 Rioja, La;Otros hogares;Gasto medio por hogar;2021;32.419,76
17 Rioja, La;Otros hogares;Gasto medio por hogar;2020;31.144,92
17 Rioja, La;Otros hogares;Gasto medio por hogar;2019;32.927,22
17 Rioja, La;Otros hogares;Gasto medio por hogar;2018;35.657,20
17 Rioja, La;Otros hogares;Gasto medio por hogar;2017;35.498,62
17 Rioja, La;Otros hogares;Gasto medio por hogar;2016;32.335,11
18 Ceuta;Total;Gasto medio por hogar;2024;35.649,32
18 Ceuta;Total;Gasto medio por hogar;2023;36.181,96
18 Ceuta;Total;Gasto medio por hogar;2022;32.268,41
18 Ceuta;Total;Gasto medio por hogar;2021;30.238,20
18 Ceuta;Total;Gasto medio por hogar;2020;24.432,56
18 Ceuta;Total;Gasto medio por hogar;2019;29.666,80
18 Ceuta;Total;Gasto medio por hogar;2018;26.840,69
18 Ceuta;Total;Gasto medio por hogar;2017;32.815,71
18 Ceuta;Total;Gasto medio por hogar;2016;30.618,56
18 Ceuta;Persona o pareja de 65 o más ańos;Gasto medio por hogar;2024;.
18 Ceuta;Persona o pareja de 65 o más ańos;Gasto medio por hogar;2023;.
18 Ceuta;Persona o pareja de 65 o más ańos;Gasto medio por hogar;2022;.
18 Ceuta;Persona o pareja de 65 o más ańos;Gasto medio por hogar;2021;.
18 Ceuta;Persona o pareja de 65 o más ańos;Gasto medio por hogar;2020;.
18 Ceuta;Persona o pareja de 65 o más ańos;Gasto medio por hogar;2019;.
18 Ceuta;Persona o pareja de 65 o más ańos;Gasto medio por hogar;2018;.
18 Ceuta;Persona o pareja de 65 o más ańos;Gasto medio por hogar;2017;.
18 Ceuta;Persona o pareja de 65 o más ańos;Gasto medio por hogar;2016;.
18 Ceuta;Otros hogares con una persona o pareja sin hijos;Gasto medio por hogar;2024;.
18 Ceuta;Otros hogares con una persona o pareja sin hijos;Gasto medio por hogar;2023;.
18 Ceuta;Otros hogares con una persona o pareja sin hijos;Gasto medio por hogar;2022;.
18 Ceuta;Otros hogares con una persona o pareja sin hijos;Gasto medio por hogar;2021;.
18 Ceuta;Otros hogares con una persona o pareja sin hijos;Gasto medio por hogar;2020;.
18 Ceuta;Otros hogares con una persona o pareja sin hijos;Gasto medio por hogar;2019;.
18 Ceuta;Otros hogares con una persona o pareja sin hijos;Gasto medio por hogar;2018;.
18 Ceuta;Otros hogares con una persona o pareja sin hijos;Gasto medio por hogar;2017;.
18 Ceuta;Otros hogares con una persona o pareja sin hijos;Gasto medio por hogar;2016;.
18 Ceuta;Adulto con menores de 16 ańos o pareja con al menos 1 hijo menor de 16 ańos;Gasto medio por hogar;2024;.
18 Ceuta;Adulto con menores de 16 ańos o pareja con al menos 1 hijo menor de 16 ańos;Gasto medio por hogar;2023;.
18 Ceuta;Adulto con menores de 16 ańos o pareja con al menos 1 hijo menor de 16 ańos;Gasto medio por hogar;2022;.
18 Ceuta;Adulto con menores de 16 ańos o pareja con al menos 1 hijo menor de 16 ańos;Gasto medio por hogar;2021;.
18 Ceuta;Adulto con menores de 16 ańos o pareja con al menos 1 hijo menor de 16 ańos;Gasto medio por hogar;2020;.
18 Ceuta;Adulto con menores de 16 ańos o pareja con al menos 1 hijo menor de 16 ańos;Gasto medio por hogar;2019;.
18 Ceuta;Adulto con menores de 16 ańos o pareja con al menos 1 hijo menor de 16 ańos;Gasto medio por hogar;2018;.
18 Ceuta;Adulto con menores de 16 ańos o pareja con al menos 1 hijo menor de 16 ańos;Gasto medio por hogar;2017;.
18 Ceuta;Adulto con menores de 16 ańos o pareja con al menos 1 hijo menor de 16 ańos;Gasto medio por hogar;2016;.
18 Ceuta;Otros hogares;Gasto medio por hogar;2024;40.759,94
18 Ceuta;Otros hogares;Gasto medio por hogar;2023;43.454,56
18 Ceuta;Otros hogares;Gasto medio por hogar;2022;36.971,65
18 Ceuta;Otros hogares;Gasto medio por hogar;2021;32.221,70
18 Ceuta;Otros hogares;Gasto medio por hogar;2020;.
18 Ceuta;Otros hogares;Gasto medio por hogar;2019;32.600,42
18 Ceuta;Otros hogares;Gasto medio por hogar;2018;30.508,28
18 Ceuta;Otros hogares;Gasto medio por hogar;2017;35.907,58
18 Ceuta;Otros hogares;Gasto medio por hogar;2016;33.760,54
19 Melilla;Total;Gasto medio por hogar;2024;28.473,51
19 Melilla;Total;Gasto medio por hogar;2023;29.273,07
19 Melilla;Total;Gasto medio por hogar;2022;27.252,76
19 Melilla;Total;Gasto medio por hogar;2021;24.594,67
19 Melilla;Total;Gasto medio por hogar;2020;27.853,17
19 Melilla;Total;Gasto medio por hogar;2019;29.278,82
19 Melilla;Total;Gasto medio por hogar;2018;29.446,20
19 Melilla;Total;Gasto medio por hogar;2017;27.491,10
19 Melilla;Total;Gasto medio por hogar;2016;30.427,11
19 Melilla;Persona o pareja de 65 o más ańos;Gasto medio por hogar;2024;.
19 Melilla;Persona o pareja de 65 o más ańos;Gasto medio por hogar;2023;.
19 Melilla;Persona o pareja de 65 o más ańos;Gasto medio por hogar;2022;.
19 Melilla;Persona o pareja de 65 o más ańos;Gasto medio por hogar;2021;.
19 Melilla;Persona o pareja de 65 o más ańos;Gasto medio por hogar;2020;.
19 Melilla;Persona o pareja de 65 o más ańos;Gasto medio por hogar;2019;.
19 Melilla;Persona o pareja de 65 o más ańos;Gasto medio por hogar;2018;.
19 Melilla;Persona o pareja de 65 o más ańos;Gasto medio por hogar;2017;.
19 Melilla;Persona o pareja de 65 o más ańos;Gasto medio por hogar;2016;.
19 Melilla;Otros hogares con una persona o pareja sin hijos;Gasto medio por hogar;2024;.
19 Melilla;Otros hogares con una persona o pareja sin hijos;Gasto medio por hogar;2023;.
19 Melilla;Otros hogares con una persona o pareja sin hijos;Gasto medio por hogar;2022;.
19 Melilla;Otros hogares con una persona o pareja sin hijos;Gasto medio por hogar;2021;.
19 Melilla;Otros hogares con una persona o pareja sin hijos;Gasto medio por hogar;2020;.
19 Melilla;Otros hogares con una persona o pareja sin hijos;Gasto medio por hogar;2019;.
19 Melilla;Otros hogares con una persona o pareja sin hijos;Gasto medio por hogar;2018;.
19 Melilla;Otros hogares con una persona o pareja sin hijos;Gasto medio por hogar;2017;.
19 Melilla;Otros hogares con una persona o pareja sin hijos;Gasto medio por hogar;2016;.
19 Melilla;Adulto con menores de 16 ańos o pareja con al menos 1 hijo menor de 16 ańos;Gasto medio por hogar;2024;.
19 Melilla;Adulto con menores de 16 ańos o pareja con al menos 1 hijo menor de 16 ańos;Gasto medio por hogar;2023;.
19 Melilla;Adulto con menores de 16 ańos o pareja con al menos 1 hijo menor de 16 ańos;Gasto medio por hogar;2022;.
19 Melilla;Adulto con menores de 16 ańos o pareja con al menos 1 hijo menor de 16 ańos;Gasto medio por hogar;2021;.
19 Melilla;Adulto con menores de 16 ańos o pareja con al menos 1 hijo menor de 16 ańos;Gasto medio por hogar;2020;.
19 Melilla;Adulto con menores de 16 ańos o pareja con al menos 1 hijo menor de 16 ańos;Gasto medio por hogar;2019;.
19 Melilla;Adulto con menores de 16 ańos o pareja con al menos 1 hijo menor de 16 ańos;Gasto medio por hogar;2018;.
19 Melilla;Adulto con menores de 16 ańos o pareja con al menos 1 hijo menor de 16 ańos;Gasto medio por hogar;2017;.
19 Melilla;Adulto con menores de 16 ańos o pareja con al menos 1 hijo menor de 16 ańos;Gasto medio por hogar;2016;.
19 Melilla;Otros hogares;Gasto medio por hogar;2024;30.391,86
19 Melilla;Otros hogares;Gasto medio por hogar;2023;30.501,48
19 Melilla;Otros hogares;Gasto medio por hogar;2022;.
19 Melilla;Otros hogares;Gasto medio por hogar;2021;.
19 Melilla;Otros hogares;Gasto medio por hogar;2020;.
19 Melilla;Otros hogares;Gasto medio por hogar;2019;28.867,19
19 Melilla;Otros hogares;Gasto medio por hogar;2018;30.654,66
19 Melilla;Otros hogares;Gasto medio por hogar;2017;30.459,52
19 Melilla;Otros hogares;Gasto medio por hogar;2016;33.972,19
